{
  "model_name": "mlm",
  "cold_items": {
    "mean": {
      "recall@5": 0.06731572673981051,
      "ndcg@5": 0.05297397058615322,
      "precision@5": 0.022827225130890052,
      "hit@5": 0.10471204188481675,
      "recall@10": 0.0950174560750477,
      "ndcg@10": 0.06293495742032222,
      "precision@10": 0.016753926701570682,
      "hit@10": 0.14973821989528796,
      "recall@20": 0.13876335241256704,
      "ndcg@20": 0.07553340648553816,
      "precision@20": 0.012408376963350787,
      "hit@20": 0.2157068062827225,
      "mrr": 0.07211771503206511
    },
    "std": {
      "recall@5": 0.22654445356474523,
      "ndcg@5": 0.18063406192212592,
      "precision@5": 0.06926968688085974,
      "hit@5": 0.30618202130289934,
      "recall@10": 0.2637309845919392,
      "ndcg@10": 0.1861633634004464,
      "precision@10": 0.04209111498904259,
      "hit@10": 0.3568146373088951,
      "recall@20": 0.30916882256979555,
      "ndcg@20": 0.18941808563851406,
      "precision@20": 0.025179163932081458,
      "hit@20": 0.41131177956147874,
      "mrr": 0.21126333692264604
    },
    "num_users": 955
  },
  "warm_items": {
    "mean": {
      "recall@5": 0.001931567328918322,
      "ndcg@5": 0.0016267282647745567,
      "precision@5": 0.0013245033112582781,
      "hit@5": 0.006622516556291391,
      "recall@10": 0.00303532008830022,
      "ndcg@10": 0.002144695953541396,
      "precision@10": 0.0009933774834437088,
      "hit@10": 0.009933774834437087,
      "recall@20": 0.024898822663723324,
      "ndcg@20": 0.008558297370508894,
      "precision@20": 0.0026490066225165563,
      "hit@20": 0.046357615894039736,
      "mrr": 0.005628761992682604
    },
    "std": {
      "recall@5": 0.023898541304828505,
      "ndcg@5": 0.02034182051761803,
      "precision@5": 0.016221786376047546,
      "hit@5": 0.0811089318802377,
      "recall@10": 0.030554470168322877,
      "ndcg@10": 0.02220044875943765,
      "precision@10": 0.009917204723094002,
      "hit@10": 0.09917204723093996,
      "recall@20": 0.13780339233907074,
      "ndcg@20": 0.04461864466496767,
      "precision@20": 0.012591492279358638,
      "hit@20": 0.21025838233625882,
      "mrr": 0.03733385997376132
    },
    "num_users": 302
  }
}