{
  "model_name": "multiview",
  "cold_items": {
    "mean": {
      "recall@5": 0.08808668643747178,
      "ndcg@5": 0.0731019517533445,
      "precision@5": 0.0299476439790576,
      "hit@5": 0.13507853403141362,
      "recall@10": 0.11069833017476997,
      "ndcg@10": 0.08125297203654401,
      "precision@10": 0.019685863874345552,
      "hit@10": 0.17172774869109947,
      "recall@20": 0.15002636397924354,
      "ndcg@20": 0.09267772334784603,
      "precision@20": 0.013979057591623037,
      "hit@20": 0.23141361256544501,
      "mrr": 0.09255427178627543
    },
    "std": {
      "recall@5": 0.2545519558423776,
      "ndcg@5": 0.21402436147948165,
      "precision@5": 0.07915454683734273,
      "hit@5": 0.34180743654188955,
      "recall@10": 0.27943936733792624,
      "ndcg@10": 0.21727331181296622,
      "precision@10": 0.0458760652233752,
      "hit@10": 0.3771436450751704,
      "recall@20": 0.3168816779188587,
      "ndcg@20": 0.2190877180355005,
      "precision@20": 0.02794683773570818,
      "hit@20": 0.4217361171216607,
      "mrr": 0.24523311802549874
    },
    "num_users": 955
  },
  "warm_items": {
    "mean": {
      "recall@5": 0.015176600441501103,
      "ndcg@5": 0.013638016296026775,
      "precision@5": 0.005298013245033113,
      "hit@5": 0.026490066225165563,
      "recall@10": 0.022350993377483443,
      "ndcg@10": 0.016298745445992323,
      "precision@10": 0.003973509933774835,
      "hit@10": 0.03642384105960265,
      "recall@20": 0.027649006622516556,
      "ndcg@20": 0.01790955130179428,
      "precision@20": 0.0024834437086092716,
      "hit@20": 0.046357615894039736,
      "mrr": 0.020097724636096277
    },
    "std": {
      "recall@5": 0.10138203421869603,
      "ndcg@5": 0.0918573598548178,
      "precision@5": 0.03211749841849574,
      "hit@5": 0.1605874920924787,
      "recall@10": 0.12497928769138576,
      "ndcg@10": 0.09535441828646031,
      "precision@10": 0.02116098716380193,
      "hit@10": 0.18734231999755813,
      "recall@20": 0.13973942578978232,
      "ndcg@20": 0.09680844529918295,
      "precision@20": 0.011600042420929378,
      "hit@20": 0.21025838233625885,
      "mrr": 0.12274207863079091
    },
    "num_users": 302
  }
}