{
  "model_name": "simclr",
  "cold_items": {
    "mean": {
      "recall@5": 0.07814747788569777,
      "ndcg@5": 0.06767382029053645,
      "precision@5": 0.028481675392670155,
      "hit@5": 0.12460732984293194,
      "recall@10": 0.11182543605318473,
      "ndcg@10": 0.07948675906029451,
      "precision@10": 0.020942408376963352,
      "hit@10": 0.17801047120418848,
      "recall@20": 0.16020447818615358,
      "ndcg@20": 0.09387906554850471,
      "precision@20": 0.015445026178010472,
      "hit@20": 0.25026178010471206,
      "mrr": 0.09364701017315577
    },
    "std": {
      "recall@5": 0.24006048467669536,
      "ndcg@5": 0.20739822958551946,
      "precision@5": 0.07943055466880555,
      "hit@5": 0.3302731342273342,
      "recall@10": 0.27959658878747323,
      "ndcg@10": 0.21131220225057637,
      "precision@10": 0.04865899972138335,
      "hit@10": 0.38252155932162996,
      "recall@20": 0.3247828548828239,
      "ndcg@20": 0.21565868954525946,
      "precision@20": 0.030177240199303103,
      "hit@20": 0.43316373523591845,
      "mrr": 0.24483602774132707
    },
    "num_users": 955
  },
  "warm_items": {
    "mean": {
      "recall@5": 0.014992641648270787,
      "ndcg@5": 0.011145266733230377,
      "precision@5": 0.005298013245033113,
      "hit@5": 0.026490066225165563,
      "recall@10": 0.019407652685798384,
      "ndcg@10": 0.012605853627014824,
      "precision@10": 0.0033112582781456954,
      "hit@10": 0.033112582781456956,
      "recall@20": 0.02672001471670346,
      "ndcg@20": 0.01481761887299342,
      "precision@20": 0.0024834437086092716,
      "hit@20": 0.046357615894039736,
      "mrr": 0.01560364764007148
    },
    "std": {
      "recall@5": 0.10733349266428618,
      "ndcg@5": 0.07423569231153253,
      "precision@5": 0.03211749841849574,
      "hit@5": 0.1605874920924787,
      "recall@10": 0.12266938017672378,
      "ndcg@10": 0.07672750217604522,
      "precision@10": 0.017893054418683836,
      "hit@10": 0.17893054418683835,
      "recall@20": 0.14216888650227752,
      "ndcg@20": 0.07984872167651091,
      "precision@20": 0.011600042420929378,
      "hit@20": 0.21025838233625888,
      "mrr": 0.09716945475359068
    },
    "num_users": 302
  }
}