{
  "model_name": "simcse",
  "cold_items": {
    "mean": {
      "recall@5": 0.07891858112800522,
      "ndcg@5": 0.07058341182314462,
      "precision@5": 0.02785340314136126,
      "hit@5": 0.12041884816753927,
      "recall@10": 0.104293565364246,
      "ndcg@10": 0.0792788352899908,
      "precision@10": 0.019581151832460737,
      "hit@10": 0.16544502617801046,
      "recall@20": 0.1419399512645586,
      "ndcg@20": 0.09007799020306459,
      "precision@20": 0.013717277486910994,
      "hit@20": 0.22094240837696336,
      "mrr": 0.09336059807632756
    },
    "std": {
      "recall@5": 0.2467045020412543,
      "ndcg@5": 0.21759368522382713,
      "precision@5": 0.0799155278926835,
      "hit@5": 0.3254506862391634,
      "recall@10": 0.273810643393414,
      "ndcg@10": 0.21999413872815157,
      "precision@10": 0.047379855890694954,
      "hit@10": 0.3715817130739454,
      "recall@20": 0.3100394317586167,
      "ndcg@20": 0.22142413659788857,
      "precision@20": 0.02867590456351057,
      "hit@20": 0.41488174285879403,
      "mrr": 0.2502787801868139
    },
    "num_users": 955
  },
  "warm_items": {
    "mean": {
      "recall@5": 0.012693156732891833,
      "ndcg@5": 0.010410702749778364,
      "precision@5": 0.0033112582781456954,
      "hit@5": 0.016556291390728478,
      "recall@10": 0.017246136865342165,
      "ndcg@10": 0.012534136523544924,
      "precision@10": 0.0033112582781456954,
      "hit@10": 0.029801324503311258,
      "recall@20": 0.023979028697571743,
      "ndcg@20": 0.014483618197491931,
      "precision@20": 0.002317880794701987,
      "hit@20": 0.04304635761589404,
      "mrr": 0.014969405999791664
    },
    "std": {
      "recall@5": 0.10473008527919944,
      "ndcg@5": 0.08431639933270715,
      "precision@5": 0.025520329626487013,
      "hit@5": 0.12760164813243507,
      "recall@10": 0.11289995104387342,
      "ndcg@10": 0.08637984933930344,
      "precision@10": 0.019656717986299116,
      "hit@10": 0.1700388354499042,
      "recall@20": 0.13079860523138898,
      "ndcg@20": 0.08797974342057359,
      "precision@20": 0.011272877172549142,
      "hit@20": 0.2029614956387014,
      "mrr": 0.10502731454511684
    },
    "num_users": 302
  }
}