{
  "model_name": "tsdae",
  "cold_items": {
    "mean": {
      "recall@5": 0.06551248925594474,
      "ndcg@5": 0.05430500910668986,
      "precision@5": 0.022408376963350785,
      "hit@5": 0.09738219895287958,
      "recall@10": 0.0866661131189927,
      "ndcg@10": 0.06147594998420804,
      "precision@10": 0.015392670157068064,
      "hit@10": 0.12984293193717278,
      "recall@20": 0.1174858820644161,
      "ndcg@20": 0.0703848955485212,
      "precision@20": 0.010890052356020944,
      "hit@20": 0.17801047120418848,
      "mrr": 0.07049556421296328
    },
    "std": {
      "recall@5": 0.22596125538141631,
      "ndcg@5": 0.1870544746956925,
      "precision@5": 0.07177962735796609,
      "hit@5": 0.29647749708870214,
      "recall@10": 0.2583254196812844,
      "ndcg@10": 0.19171850723857764,
      "precision@10": 0.042730468410334524,
      "hit@10": 0.3361305475007166,
      "recall@20": 0.29122739125757197,
      "ndcg@20": 0.19446977988971215,
      "precision@20": 0.026323470217478027,
      "hit@20": 0.38252155932162996,
      "mrr": 0.21649737578174988
    },
    "num_users": 955
  },
  "warm_items": {
    "mean": {
      "recall@5": 0.007726269315673288,
      "ndcg@5": 0.005743838950368802,
      "precision@5": 0.0019867549668874177,
      "hit@5": 0.009933774834437087,
      "recall@10": 0.007726269315673288,
      "ndcg@10": 0.005743838950368802,
      "precision@10": 0.0009933774834437088,
      "hit@10": 0.009933774834437087,
      "recall@20": 0.011313465783664458,
      "ndcg@20": 0.007217356314462992,
      "precision@20": 0.0013245033112582781,
      "hit@20": 0.023178807947019868,
      "mrr": 0.006474692526017029
    },
    "std": {
      "recall@5": 0.08325105948403125,
      "ndcg@5": 0.06548575856339633,
      "precision@5": 0.019834409446188004,
      "hit@5": 0.09917204723093996,
      "recall@10": 0.08325105948403125,
      "ndcg@10": 0.06548575856339633,
      "precision@10": 0.009917204723094002,
      "hit@10": 0.09917204723093996,
      "recall@20": 0.08860709987538712,
      "ndcg@20": 0.06659004662197456,
      "precision@20": 0.009001508092098136,
      "hit@20": 0.1504710962583015,
      "mrr": 0.06383486202178473
    },
    "num_users": 302
  }
}